series_id,level,is_bottom,state,purpose,zone,region
s00000,Country,False,,,,
s00001,Country/State,False,A,,,
s00002,Country/State,False,B,,,
s00003,Country/State,False,C,,,
s00004,Country/State,False,D,,,
s00005,Country/State,False,E,,,
s00006,Country/State,False,F,,,
s00007,Country/State,False,G,,,
s00008,Country/Purpose,False,,Hol,,
s00009,Country/Purpose,False,,Vis,,
s00010,Country/Purpose,False,,Bus,,
s00011,Country/Purpose,False,,Oth,,
s00012,Country/State/Zone,False,A,,A,
s00013,Country/State/Zone,False,A,,B,
s00014,Country/State/Zone,False,A,,C,
s00015,Country/State/Zone,False,A,,D,
s00016,Country/State/Zone,False,A,,E,
s00017,Country/State/Zone,False,A,,F,
s00018,Country/State/Zone,False,B,,A,
s00019,Country/State/Zone,False,B,,B,
s00020,Country/State/Zone,False,B,,C,
s00021,Country/State/Zone,False,B,,D,
s00022,Country/State/Zone,False,B,,E,
s00023,Country/State/Zone,False,C,,A,
s00024,Country/State/Zone,False,C,,B,
s00025,Country/State/Zone,False,C,,C,
s00026,Country/State/Zone,False,C,,D,
s00027,Country/State/Zone,False,D,,A,
s00028,Country/State/Zone,False,D,,B,
s00029,Country/State/Zone,False,D,,C,
s00030,Country/State/Zone,False,D,,D,
s00031,Country/State/Zone,False,E,,A,
s00032,Country/State/Zone,False,E,,B,
s00033,Country/State/Zone,False,E,,C,
s00034,Country/State/Zone,False,F,,A,
s00035,Country/State/Zone,False,F,,B,
s00036,Country/State/Zone,False,F,,C,
s00037,Country/State/Zone,False,G,,A,
s00038,Country/State/Zone,False,G,,B,
s00039,Country/State/Purpose,False,A,Hol,,
s00040,Country/State/Purpose,False,A,Vis,,
s00041,Country/State/Purpose,False,A,Bus,,
s00042,Country/State/Purpose,False,A,Oth,,
s00043,Country/State/Purpose,False,B,Hol,,
s00044,Country/State/Purpose,False,B,Vis,,
s00045,Country/State/Purpose,False,B,Bus,,
s00046,Country/State/Purpose,False,B,Oth,,
s00047,Country/State/Purpose,False,C,Hol,,
s00048,Country/State/Purpose,False,C,Vis,,
s00049,Country/State/Purpose,False,C,Bus,,
s00050,Country/State/Purpose,False,C,Oth,,
s00051,Country/State/Purpose,False,D,Hol,,
s00052,Country/State/Purpose,False,D,Vis,,
s00053,Country/State/Purpose,False,D,Bus,,
s00054,Country/State/Purpose,False,D,Oth,,
s00055,Country/State/Purpose,False,E,Hol,,
s00056,Country/State/Purpose,False,E,Vis,,
s00057,Country/State/Purpose,False,E,Bus,,
s00058,Country/State/Purpose,False,E,Oth,,
s00059,Country/State/Purpose,False,F,Hol,,
s00060,Country/State/Purpose,False,F,Vis,,
s00061,Country/State/Purpose,False,F,Bus,,
s00062,Country/State/Purpose,False,F,Oth,,
s00063,Country/State/Purpose,False,G,Hol,,
s00064,Country/State/Purpose,False,G,Vis,,
s00065,Country/State/Purpose,False,G,Bus,,
s00066,Country/State/Purpose,False,G,Oth,,
s00067,Country/State/Zone/Region,False,A,,A,A
s00068,Country/State/Zone/Region,False,A,,A,B
s00069,Country/State/Zone/Region,False,A,,B,A
s00070,Country/State/Zone/Region,False,A,,B,B
s00071,Country/State/Zone/Region,False,A,,C,A
s00072,Country/State/Zone/Region,False,A,,D,A
s00073,Country/State/Zone/Region,False,A,,D,B
s00074,Country/State/Zone/Region,False,A,,D,C
s00075,Country/State/Zone/Region,False,A,,D,D
s00076,Country/State/Zone/Region,False,A,,E,A
s00077,Country/State/Zone/Region,False,A,,E,B
s00078,Country/State/Zone/Region,False,A,,E,C
s00079,Country/State/Zone/Region,False,A,,E,D
s00080,Country/State/Zone/Region,False,A,,F,A
s00081,Country/State/Zone/Region,False,B,,A,A
s00082,Country/State/Zone/Region,False,B,,A,B
s00083,Country/State/Zone/Region,False,B,,A,C
s00084,Country/State/Zone/Region,False,B,,B,A
s00085,Country/State/Zone/Region,False,B,,C,A
s00086,Country/State/Zone/Region,False,B,,C,B
s00087,Country/State/Zone/Region,False,B,,C,C
s00088,Country/State/Zone/Region,False,B,,D,A
s00089,Country/State/Zone/Region,False,B,,D,B
s00090,Country/State/Zone/Region,False,B,,D,C
s00091,Country/State/Zone/Region,False,B,,D,D
s00092,Country/State/Zone/Region,False,B,,D,E
s00093,Country/State/Zone/Region,False,B,,D,F
s00094,Country/State/Zone/Region,False,B,,E,A
s00095,Country/State/Zone/Region,False,B,,E,B
s00096,Country/State/Zone/Region,False,B,,E,C
s00097,Country/State/Zone/Region,False,B,,E,D
s00098,Country/State/Zone/Region,False,B,,E,E
s00099,Country/State/Zone/Region,False,B,,E,F
s00100,Country/State/Zone/Region,False,B,,E,G
s00101,Country/State/Zone/Region,False,B,,E,H
s00102,Country/State/Zone/Region,False,C,,A,A
s00103,Country/State/Zone/Region,False,C,,A,B
s00104,Country/State/Zone/Region,False,C,,A,C
s00105,Country/State/Zone/Region,False,C,,B,A
s00106,Country/State/Zone/Region,False,C,,B,B
s00107,Country/State/Zone/Region,False,C,,B,C
s00108,Country/State/Zone/Region,False,C,,B,D
s00109,Country/State/Zone/Region,False,C,,C,A
s00110,Country/State/Zone/Region,False,C,,C,B
s00111,Country/State/Zone/Region,False,C,,C,C
s00112,Country/State/Zone/Region,False,C,,D,A
s00113,Country/State/Zone/Region,False,C,,D,B
s00114,Country/State/Zone/Region,False,D,,A,A
s00115,Country/State/Zone/Region,False,D,,A,B
s00116,Country/State/Zone/Region,False,D,,A,C
s00117,Country/State/Zone/Region,False,D,,B,A
s00118,Country/State/Zone/Region,False,D,,B,B
s00119,Country/State/Zone/Region,False,D,,B,C
s00120,Country/State/Zone/Region,False,D,,C,A
s00121,Country/State/Zone/Region,False,D,,C,B
s00122,Country/State/Zone/Region,False,D,,C,C
s00123,Country/State/Zone/Region,False,D,,C,D
s00124,Country/State/Zone/Region,False,D,,D,A
s00125,Country/State/Zone/Region,False,D,,D,B
s00126,Country/State/Zone/Region,False,E,,A,A
s00127,Country/State/Zone/Region,False,E,,A,B
s00128,Country/State/Zone/Region,False,E,,A,C
s00129,Country/State/Zone/Region,False,E,,B,A
s00130,Country/State/Zone/Region,False,E,,C,A
s00131,Country/State/Zone/Region,False,F,,A,A
s00132,Country/State/Zone/Region,False,F,,B,A
s00133,Country/State/Zone/Region,False,F,,B,B
s00134,Country/State/Zone/Region,False,F,,C,A
s00135,Country/State/Zone/Region,False,F,,C,B
s00136,Country/State/Zone/Region,False,G,,A,A
s00137,Country/State/Zone/Region,False,G,,A,B
s00138,Country/State/Zone/Region,False,G,,A,C
s00139,Country/State/Zone/Region,False,G,,B,A
s00140,Country/State/Zone/Region,False,G,,B,B
s00141,Country/State/Zone/Region,False,G,,B,C
s00142,Country/State/Zone/Region,False,G,,B,D
s00143,Country/State/Zone/Purpose,False,A,Hol,A,
s00144,Country/State/Zone/Purpose,False,A,Vis,A,
s00145,Country/State/Zone/Purpose,False,A,Bus,A,
s00146,Country/State/Zone/Purpose,False,A,Oth,A,
s00147,Country/State/Zone/Purpose,False,A,Hol,B,
s00148,Country/State/Zone/Purpose,False,A,Vis,B,
s00149,Country/State/Zone/Purpose,False,A,Bus,B,
s00150,Country/State/Zone/Purpose,False,A,Oth,B,
s00151,Country/State/Zone/Purpose,False,A,Hol,C,
s00152,Country/State/Zone/Purpose,False,A,Vis,C,
s00153,Country/State/Zone/Purpose,False,A,Bus,C,
s00154,Country/State/Zone/Purpose,False,A,Oth,C,
s00155,Country/State/Zone/Purpose,False,A,Hol,D,
s00156,Country/State/Zone/Purpose,False,A,Vis,D,
s00157,Country/State/Zone/Purpose,False,A,Bus,D,
s00158,Country/State/Zone/Purpose,False,A,Oth,D,
s00159,Country/State/Zone/Purpose,False,A,Hol,E,
s00160,Country/State/Zone/Purpose,False,A,Vis,E,
s00161,Country/State/Zone/Purpose,False,A,Bus,E,
s00162,Country/State/Zone/Purpose,False,A,Oth,E,
s00163,Country/State/Zone/Purpose,False,A,Hol,F,
s00164,Country/State/Zone/Purpose,False,A,Vis,F,
s00165,Country/State/Zone/Purpose,False,A,Bus,F,
s00166,Country/State/Zone/Purpose,False,A,Oth,F,
s00167,Country/State/Zone/Purpose,False,B,Hol,A,
s00168,Country/State/Zone/Purpose,False,B,Vis,A,
s00169,Country/State/Zone/Purpose,False,B,Bus,A,
s00170,Country/State/Zone/Purpose,False,B,Oth,A,
s00171,Country/State/Zone/Purpose,False,B,Hol,B,
s00172,Country/State/Zone/Purpose,False,B,Vis,B,
s00173,Country/State/Zone/Purpose,False,B,Bus,B,
s00174,Country/State/Zone/Purpose,False,B,Oth,B,
s00175,Country/State/Zone/Purpose,False,B,Hol,C,
s00176,Country/State/Zone/Purpose,False,B,Vis,C,
s00177,Country/State/Zone/Purpose,False,B,Bus,C,
s00178,Country/State/Zone/Purpose,False,B,Oth,C,
s00179,Country/State/Zone/Purpose,False,B,Hol,D,
s00180,Country/State/Zone/Purpose,False,B,Vis,D,
s00181,Country/State/Zone/Purpose,False,B,Bus,D,
s00182,Country/State/Zone/Purpose,False,B,Oth,D,
s00183,Country/State/Zone/Purpose,False,B,Hol,E,
s00184,Country/State/Zone/Purpose,False,B,Vis,E,
s00185,Country/State/Zone/Purpose,False,B,Bus,E,
s00186,Country/State/Zone/Purpose,False,B,Oth,E,
s00187,Country/State/Zone/Purpose,False,C,Hol,A,
s00188,Country/State/Zone/Purpose,False,C,Vis,A,
s00189,Country/State/Zone/Purpose,False,C,Bus,A,
s00190,Country/State/Zone/Purpose,False,C,Oth,A,
s00191,Country/State/Zone/Purpose,False,C,Hol,B,
s00192,Country/State/Zone/Purpose,False,C,Vis,B,
s00193,Country/State/Zone/Purpose,False,C,Bus,B,
s00194,Country/State/Zone/Purpose,False,C,Oth,B,
s00195,Country/State/Zone/Purpose,False,C,Hol,C,
s00196,Country/State/Zone/Purpose,False,C,Vis,C,
s00197,Country/State/Zone/Purpose,False,C,Bus,C,
s00198,Country/State/Zone/Purpose,False,C,Oth,C,
s00199,Country/State/Zone/Purpose,False,C,Hol,D,
s00200,Country/State/Zone/Purpose,False,C,Vis,D,
s00201,Country/State/Zone/Purpose,False,C,Bus,D,
s00202,Country/State/Zone/Purpose,False,C,Oth,D,
s00203,Country/State/Zone/Purpose,False,D,Hol,A,
s00204,Country/State/Zone/Purpose,False,D,Vis,A,
s00205,Country/State/Zone/Purpose,False,D,Bus,A,
s00206,Country/State/Zone/Purpose,False,D,Oth,A,
s00207,Country/State/Zone/Purpose,False,D,Hol,B,
s00208,Country/State/Zone/Purpose,False,D,Vis,B,
s00209,Country/State/Zone/Purpose,False,D,Bus,B,
s00210,Country/State/Zone/Purpose,False,D,Oth,B,
s00211,Country/State/Zone/Purpose,False,D,Hol,C,
s00212,Country/State/Zone/Purpose,False,D,Vis,C,
s00213,Country/State/Zone/Purpose,False,D,Bus,C,
s00214,Country/State/Zone/Purpose,False,D,Oth,C,
s00215,Country/State/Zone/Purpose,False,D,Hol,D,
s00216,Country/State/Zone/Purpose,False,D,Vis,D,
s00217,Country/State/Zone/Purpose,False,D,Bus,D,
s00218,Country/State/Zone/Purpose,False,D,Oth,D,
s00219,Country/State/Zone/Purpose,False,E,Hol,A,
s00220,Country/State/Zone/Purpose,False,E,Vis,A,
s00221,Country/State/Zone/Purpose,False,E,Bus,A,
s00222,Country/State/Zone/Purpose,False,E,Oth,A,
s00223,Country/State/Zone/Purpose,False,E,Hol,B,
s00224,Country/State/Zone/Purpose,False,E,Vis,B,
s00225,Country/State/Zone/Purpose,False,E,Bus,B,
s00226,Country/State/Zone/Purpose,False,E,Oth,B,
s00227,Country/State/Zone/Purpose,False,E,Hol,C,
s00228,Country/State/Zone/Purpose,False,E,Vis,C,
s00229,Country/State/Zone/Purpose,False,E,Bus,C,
s00230,Country/State/Zone/Purpose,False,E,Oth,C,
s00231,Country/State/Zone/Purpose,False,F,Hol,A,
s00232,Country/State/Zone/Purpose,False,F,Vis,A,
s00233,Country/State/Zone/Purpose,False,F,Bus,A,
s00234,Country/State/Zone/Purpose,False,F,Oth,A,
s00235,Country/State/Zone/Purpose,False,F,Hol,B,
s00236,Country/State/Zone/Purpose,False,F,Vis,B,
s00237,Country/State/Zone/Purpose,False,F,Bus,B,
s00238,Country/State/Zone/Purpose,False,F,Oth,B,
s00239,Country/State/Zone/Purpose,False,F,Hol,C,
s00240,Country/State/Zone/Purpose,False,F,Vis,C,
s00241,Country/State/Zone/Purpose,False,F,Bus,C,
s00242,Country/State/Zone/Purpose,False,F,Oth,C,
s00243,Country/State/Zone/Purpose,False,G,Hol,A,
s00244,Country/State/Zone/Purpose,False,G,Vis,A,
s00245,Country/State/Zone/Purpose,False,G,Bus,A,
s00246,Country/State/Zone/Purpose,False,G,Oth,A,
s00247,Country/State/Zone/Purpose,False,G,Hol,B,
s00248,Country/State/Zone/Purpose,False,G,Vis,B,
s00249,Country/State/Zone/Purpose,False,G,Bus,B,
s00250,Country/State/Zone/Purpose,False,G,Oth,B,
s00251,Country/State/Zone/Region/Purpose,True,A,Hol,A,A
s00252,Country/State/Zone/Region/Purpose,True,A,Vis,A,A
s00253,Country/State/Zone/Region/Purpose,True,A,Bus,A,A
s00254,Country/State/Zone/Region/Purpose,True,A,Oth,A,A
s00255,Country/State/Zone/Region/Purpose,True,A,Hol,A,B
s00256,Country/State/Zone/Region/Purpose,True,A,Vis,A,B
s00257,Country/State/Zone/Region/Purpose,True,A,Bus,A,B
s00258,Country/State/Zone/Region/Purpose,True,A,Oth,A,B
s00259,Country/State/Zone/Region/Purpose,True,A,Hol,B,A
s00260,Country/State/Zone/Region/Purpose,True,A,Vis,B,A
s00261,Country/State/Zone/Region/Purpose,True,A,Bus,B,A
s00262,Country/State/Zone/Region/Purpose,True,A,Oth,B,A
s00263,Country/State/Zone/Region/Purpose,True,A,Hol,B,B
s00264,Country/State/Zone/Region/Purpose,True,A,Vis,B,B
s00265,Country/State/Zone/Region/Purpose,True,A,Bus,B,B
s00266,Country/State/Zone/Region/Purpose,True,A,Oth,B,B
s00267,Country/State/Zone/Region/Purpose,True,A,Hol,C,A
s00268,Country/State/Zone/Region/Purpose,True,A,Vis,C,A
s00269,Country/State/Zone/Region/Purpose,True,A,Bus,C,A
s00270,Country/State/Zone/Region/Purpose,True,A,Oth,C,A
s00271,Country/State/Zone/Region/Purpose,True,A,Hol,D,A
s00272,Country/State/Zone/Region/Purpose,True,A,Vis,D,A
s00273,Country/State/Zone/Region/Purpose,True,A,Bus,D,A
s00274,Country/State/Zone/Region/Purpose,True,A,Oth,D,A
s00275,Country/State/Zone/Region/Purpose,True,A,Hol,D,B
s00276,Country/State/Zone/Region/Purpose,True,A,Vis,D,B
s00277,Country/State/Zone/Region/Purpose,True,A,Bus,D,B
s00278,Country/State/Zone/Region/Purpose,True,A,Oth,D,B
s00279,Country/State/Zone/Region/Purpose,True,A,Hol,D,C
s00280,Country/State/Zone/Region/Purpose,True,A,Vis,D,C
s00281,Country/State/Zone/Region/Purpose,True,A,Bus,D,C
s00282,Country/State/Zone/Region/Purpose,True,A,Oth,D,C
s00283,Country/State/Zone/Region/Purpose,True,A,Hol,D,D
s00284,Country/State/Zone/Region/Purpose,True,A,Vis,D,D
s00285,Country/State/Zone/Region/Purpose,True,A,Bus,D,D
s00286,Country/State/Zone/Region/Purpose,True,A,Oth,D,D
s00287,Country/State/Zone/Region/Purpose,True,A,Hol,E,A
s00288,Country/State/Zone/Region/Purpose,True,A,Vis,E,A
s00289,Country/State/Zone/Region/Purpose,True,A,Bus,E,A
s00290,Country/State/Zone/Region/Purpose,True,A,Oth,E,A
s00291,Country/State/Zone/Region/Purpose,True,A,Hol,E,B
s00292,Country/State/Zone/Region/Purpose,True,A,Vis,E,B
s00293,Country/State/Zone/Region/Purpose,True,A,Bus,E,B
s00294,Country/State/Zone/Region/Purpose,True,A,Oth,E,B
s00295,Country/State/Zone/Region/Purpose,True,A,Hol,E,C
s00296,Country/State/Zone/Region/Purpose,True,A,Vis,E,C
s00297,Country/State/Zone/Region/Purpose,True,A,Bus,E,C
s00298,Country/State/Zone/Region/Purpose,True,A,Oth,E,C
s00299,Country/State/Zone/Region/Purpose,True,A,Hol,E,D
s00300,Country/State/Zone/Region/Purpose,True,A,Vis,E,D
s00301,Country/State/Zone/Region/Purpose,True,A,Bus,E,D
s00302,Country/State/Zone/Region/Purpose,True,A,Oth,E,D
s00303,Country/State/Zone/Region/Purpose,True,A,Hol,F,A
s00304,Country/State/Zone/Region/Purpose,True,A,Vis,F,A
s00305,Country/State/Zone/Region/Purpose,True,A,Bus,F,A
s00306,Country/State/Zone/Region/Purpose,True,A,Oth,F,A
s00307,Country/State/Zone/Region/Purpose,True,B,Hol,A,A
s00308,Country/State/Zone/Region/Purpose,True,B,Vis,A,A
s00309,Country/State/Zone/Region/Purpose,True,B,Bus,A,A
s00310,Country/State/Zone/Region/Purpose,True,B,Oth,A,A
s00311,Country/State/Zone/Region/Purpose,True,B,Hol,A,B
s00312,Country/State/Zone/Region/Purpose,True,B,Vis,A,B
s00313,Country/State/Zone/Region/Purpose,True,B,Bus,A,B
s00314,Country/State/Zone/Region/Purpose,True,B,Oth,A,B
s00315,Country/State/Zone/Region/Purpose,True,B,Hol,A,C
s00316,Country/State/Zone/Region/Purpose,True,B,Vis,A,C
s00317,Country/State/Zone/Region/Purpose,True,B,Bus,A,C
s00318,Country/State/Zone/Region/Purpose,True,B,Oth,A,C
s00319,Country/State/Zone/Region/Purpose,True,B,Hol,B,A
s00320,Country/State/Zone/Region/Purpose,True,B,Vis,B,A
s00321,Country/State/Zone/Region/Purpose,True,B,Bus,B,A
s00322,Country/State/Zone/Region/Purpose,True,B,Oth,B,A
s00323,Country/State/Zone/Region/Purpose,True,B,Hol,C,A
s00324,Country/State/Zone/Region/Purpose,True,B,Vis,C,A
s00325,Country/State/Zone/Region/Purpose,True,B,Bus,C,A
s00326,Country/State/Zone/Region/Purpose,True,B,Oth,C,A
s00327,Country/State/Zone/Region/Purpose,True,B,Hol,C,B
s00328,Country/State/Zone/Region/Purpose,True,B,Vis,C,B
s00329,Country/State/Zone/Region/Purpose,True,B,Bus,C,B
s00330,Country/State/Zone/Region/Purpose,True,B,Oth,C,B
s00331,Country/State/Zone/Region/Purpose,True,B,Hol,C,C
s00332,Country/State/Zone/Region/Purpose,True,B,Vis,C,C
s00333,Country/State/Zone/Region/Purpose,True,B,Bus,C,C
s00334,Country/State/Zone/Region/Purpose,True,B,Oth,C,C
s00335,Country/State/Zone/Region/Purpose,True,B,Hol,D,A
s00336,Country/State/Zone/Region/Purpose,True,B,Vis,D,A
s00337,Country/State/Zone/Region/Purpose,True,B,Bus,D,A
s00338,Country/State/Zone/Region/Purpose,True,B,Oth,D,A
s00339,Country/State/Zone/Region/Purpose,True,B,Hol,D,B
s00340,Country/State/Zone/Region/Purpose,True,B,Vis,D,B
s00341,Country/State/Zone/Region/Purpose,True,B,Bus,D,B
s00342,Country/State/Zone/Region/Purpose,True,B,Oth,D,B
s00343,Country/State/Zone/Region/Purpose,True,B,Hol,D,C
s00344,Country/State/Zone/Region/Purpose,True,B,Vis,D,C
s00345,Country/State/Zone/Region/Purpose,True,B,Bus,D,C
s00346,Country/State/Zone/Region/Purpose,True,B,Oth,D,C
s00347,Country/State/Zone/Region/Purpose,True,B,Hol,D,D
s00348,Country/State/Zone/Region/Purpose,True,B,Vis,D,D
s00349,Country/State/Zone/Region/Purpose,True,B,Bus,D,D
s00350,Country/State/Zone/Region/Purpose,True,B,Oth,D,D
s00351,Country/State/Zone/Region/Purpose,True,B,Hol,D,E
s00352,Country/State/Zone/Region/Purpose,True,B,Vis,D,E
s00353,Country/State/Zone/Region/Purpose,True,B,Bus,D,E
s00354,Country/State/Zone/Region/Purpose,True,B,Oth,D,E
s00355,Country/State/Zone/Region/Purpose,True,B,Hol,D,F
s00356,Country/State/Zone/Region/Purpose,True,B,Vis,D,F
s00357,Country/State/Zone/Region/Purpose,True,B,Bus,D,F
s00358,Country/State/Zone/Region/Purpose,True,B,Oth,D,F
s00359,Country/State/Zone/Region/Purpose,True,B,Hol,E,A
s00360,Country/State/Zone/Region/Purpose,True,B,Vis,E,A
s00361,Country/State/Zone/Region/Purpose,True,B,Bus,E,A
s00362,Country/State/Zone/Region/Purpose,True,B,Oth,E,A
s00363,Country/State/Zone/Region/Purpose,True,B,Hol,E,B
s00364,Country/State/Zone/Region/Purpose,True,B,Vis,E,B
s00365,Country/State/Zone/Region/Purpose,True,B,Bus,E,B
s00366,Country/State/Zone/Region/Purpose,True,B,Oth,E,B
s00367,Country/State/Zone/Region/Purpose,True,B,Hol,E,C
s00368,Country/State/Zone/Region/Purpose,True,B,Vis,E,C
s00369,Country/State/Zone/Region/Purpose,True,B,Bus,E,C
s00370,Country/State/Zone/Region/Purpose,True,B,Oth,E,C
s00371,Country/State/Zone/Region/Purpose,True,B,Hol,E,D
s00372,Country/State/Zone/Region/Purpose,True,B,Vis,E,D
s00373,Country/State/Zone/Region/Purpose,True,B,Bus,E,D
s00374,Country/State/Zone/Region/Purpose,True,B,Oth,E,D
s00375,Country/State/Zone/Region/Purpose,True,B,Hol,E,E
s00376,Country/State/Zone/Region/Purpose,True,B,Vis,E,E
s00377,Country/State/Zone/Region/Purpose,True,B,Bus,E,E
s00378,Country/State/Zone/Region/Purpose,True,B,Oth,E,E
s00379,Country/State/Zone/Region/Purpose,True,B,Hol,E,F
s00380,Country/State/Zone/Region/Purpose,True,B,Vis,E,F
s00381,Country/State/Zone/Region/Purpose,True,B,Bus,E,F
s00382,Country/State/Zone/Region/Purpose,True,B,Oth,E,F
s00383,Country/State/Zone/Region/Purpose,True,B,Hol,E,G
s00384,Country/State/Zone/Region/Purpose,True,B,Vis,E,G
s00385,Country/State/Zone/Region/Purpose,True,B,Bus,E,G
s00386,Country/State/Zone/Region/Purpose,True,B,Oth,E,G
s00387,Country/State/Zone/Region/Purpose,True,B,Hol,E,H
s00388,Country/State/Zone/Region/Purpose,True,B,Vis,E,H
s00389,Country/State/Zone/Region/Purpose,True,B,Bus,E,H
s00390,Country/State/Zone/Region/Purpose,True,B,Oth,E,H
s00391,Country/State/Zone/Region/Purpose,True,C,Hol,A,A
s00392,Country/State/Zone/Region/Purpose,True,C,Vis,A,A
s00393,Country/State/Zone/Region/Purpose,True,C,Bus,A,A
s00394,Country/State/Zone/Region/Purpose,True,C,Oth,A,A
s00395,Country/State/Zone/Region/Purpose,True,C,Hol,A,B
s00396,Country/State/Zone/Region/Purpose,True,C,Vis,A,B
s00397,Country/State/Zone/Region/Purpose,True,C,Bus,A,B
s00398,Country/State/Zone/Region/Purpose,True,C,Oth,A,B
s00399,Country/State/Zone/Region/Purpose,True,C,Hol,A,C
s00400,Country/State/Zone/Region/Purpose,True,C,Vis,A,C
s00401,Country/State/Zone/Region/Purpose,True,C,Bus,A,C
s00402,Country/State/Zone/Region/Purpose,True,C,Oth,A,C
s00403,Country/State/Zone/Region/Purpose,True,C,Hol,B,A
s00404,Country/State/Zone/Region/Purpose,True,C,Vis,B,A
s00405,Country/State/Zone/Region/Purpose,True,C,Bus,B,A
s00406,Country/State/Zone/Region/Purpose,True,C,Oth,B,A
s00407,Country/State/Zone/Region/Purpose,True,C,Hol,B,B
s00408,Country/State/Zone/Region/Purpose,True,C,Vis,B,B
s00409,Country/State/Zone/Region/Purpose,True,C,Bus,B,B
s00410,Country/State/Zone/Region/Purpose,True,C,Oth,B,B
s00411,Country/State/Zone/Region/Purpose,True,C,Hol,B,C
s00412,Country/State/Zone/Region/Purpose,True,C,Vis,B,C
s00413,Country/State/Zone/Region/Purpose,True,C,Bus,B,C
s00414,Country/State/Zone/Region/Purpose,True,C,Oth,B,C
s00415,Country/State/Zone/Region/Purpose,True,C,Hol,B,D
s00416,Country/State/Zone/Region/Purpose,True,C,Vis,B,D
s00417,Country/State/Zone/Region/Purpose,True,C,Bus,B,D
s00418,Country/State/Zone/Region/Purpose,True,C,Oth,B,D
s00419,Country/State/Zone/Region/Purpose,True,C,Hol,C,A
s00420,Country/State/Zone/Region/Purpose,True,C,Vis,C,A
s00421,Country/State/Zone/Region/Purpose,True,C,Bus,C,A
s00422,Country/State/Zone/Region/Purpose,True,C,Oth,C,A
s00423,Country/State/Zone/Region/Purpose,True,C,Hol,C,B
s00424,Country/State/Zone/Region/Purpose,True,C,Vis,C,B
s00425,Country/State/Zone/Region/Purpose,True,C,Bus,C,B
s00426,Country/State/Zone/Region/Purpose,True,C,Oth,C,B
s00427,Country/State/Zone/Region/Purpose,True,C,Hol,C,C
s00428,Country/State/Zone/Region/Purpose,True,C,Vis,C,C
s00429,Country/State/Zone/Region/Purpose,True,C,Bus,C,C
s00430,Country/State/Zone/Region/Purpose,True,C,Oth,C,C
s00431,Country/State/Zone/Region/Purpose,True,C,Hol,D,A
s00432,Country/State/Zone/Region/Purpose,True,C,Vis,D,A
s00433,Country/State/Zone/Region/Purpose,True,C,Bus,D,A
s00434,Country/State/Zone/Region/Purpose,True,C,Oth,D,A
s00435,Country/State/Zone/Region/Purpose,True,C,Hol,D,B
s00436,Country/State/Zone/Region/Purpose,True,C,Vis,D,B
s00437,Country/State/Zone/Region/Purpose,True,C,Bus,D,B
s00438,Country/State/Zone/Region/Purpose,True,C,Oth,D,B
s00439,Country/State/Zone/Region/Purpose,True,D,Hol,A,A
s00440,Country/State/Zone/Region/Purpose,True,D,Vis,A,A
s00441,Country/State/Zone/Region/Purpose,True,D,Bus,A,A
s00442,Country/State/Zone/Region/Purpose,True,D,Oth,A,A
s00443,Country/State/Zone/Region/Purpose,True,D,Hol,A,B
s00444,Country/State/Zone/Region/Purpose,True,D,Vis,A,B
s00445,Country/State/Zone/Region/Purpose,True,D,Bus,A,B
s00446,Country/State/Zone/Region/Purpose,True,D,Oth,A,B
s00447,Country/State/Zone/Region/Purpose,True,D,Hol,A,C
s00448,Country/State/Zone/Region/Purpose,True,D,Vis,A,C
s00449,Country/State/Zone/Region/Purpose,True,D,Bus,A,C
s00450,Country/State/Zone/Region/Purpose,True,D,Oth,A,C
s00451,Country/State/Zone/Region/Purpose,True,D,Hol,B,A
s00452,Country/State/Zone/Region/Purpose,True,D,Vis,B,A
s00453,Country/State/Zone/Region/Purpose,True,D,Bus,B,A
s00454,Country/State/Zone/Region/Purpose,True,D,Oth,B,A
s00455,Country/State/Zone/Region/Purpose,True,D,Hol,B,B
s00456,Country/State/Zone/Region/Purpose,True,D,Vis,B,B
s00457,Country/State/Zone/Region/Purpose,True,D,Bus,B,B
s00458,Country/State/Zone/Region/Purpose,True,D,Oth,B,B
s00459,Country/State/Zone/Region/Purpose,True,D,Hol,B,C
s00460,Country/State/Zone/Region/Purpose,True,D,Vis,B,C
s00461,Country/State/Zone/Region/Purpose,True,D,Bus,B,C
s00462,Country/State/Zone/Region/Purpose,True,D,Oth,B,C
s00463,Country/State/Zone/Region/Purpose,True,D,Hol,C,A
s00464,Country/State/Zone/Region/Purpose,True,D,Vis,C,A
s00465,Country/State/Zone/Region/Purpose,True,D,Bus,C,A
s00466,Country/State/Zone/Region/Purpose,True,D,Oth,C,A
s00467,Country/State/Zone/Region/Purpose,True,D,Hol,C,B
s00468,Country/State/Zone/Region/Purpose,True,D,Vis,C,B
s00469,Country/State/Zone/Region/Purpose,True,D,Bus,C,B
s00470,Country/State/Zone/Region/Purpose,True,D,Oth,C,B
s00471,Country/State/Zone/Region/Purpose,True,D,Hol,C,C
s00472,Country/State/Zone/Region/Purpose,True,D,Vis,C,C
s00473,Country/State/Zone/Region/Purpose,True,D,Bus,C,C
s00474,Country/State/Zone/Region/Purpose,True,D,Oth,C,C
s00475,Country/State/Zone/Region/Purpose,True,D,Hol,C,D
s00476,Country/State/Zone/Region/Purpose,True,D,Vis,C,D
s00477,Country/State/Zone/Region/Purpose,True,D,Bus,C,D
s00478,Country/State/Zone/Region/Purpose,True,D,Oth,C,D
s00479,Country/State/Zone/Region/Purpose,True,D,Hol,D,A
s00480,Country/State/Zone/Region/Purpose,True,D,Vis,D,A
s00481,Country/State/Zone/Region/Purpose,True,D,Bus,D,A
s00482,Country/State/Zone/Region/Purpose,True,D,Oth,D,A
s00483,Country/State/Zone/Region/Purpose,True,D,Hol,D,B
s00484,Country/State/Zone/Region/Purpose,True,D,Vis,D,B
s00485,Country/State/Zone/Region/Purpose,True,D,Bus,D,B
s00486,Country/State/Zone/Region/Purpose,True,D,Oth,D,B
s00487,Country/State/Zone/Region/Purpose,True,E,Hol,A,A
s00488,Country/State/Zone/Region/Purpose,True,E,Vis,A,A
s00489,Country/State/Zone/Region/Purpose,True,E,Bus,A,A
s00490,Country/State/Zone/Region/Purpose,True,E,Oth,A,A
s00491,Country/State/Zone/Region/Purpose,True,E,Hol,A,B
s00492,Country/State/Zone/Region/Purpose,True,E,Vis,A,B
s00493,Country/State/Zone/Region/Purpose,True,E,Bus,A,B
s00494,Country/State/Zone/Region/Purpose,True,E,Oth,A,B
s00495,Country/State/Zone/Region/Purpose,True,E,Hol,A,C
s00496,Country/State/Zone/Region/Purpose,True,E,Vis,A,C
s00497,Country/State/Zone/Region/Purpose,True,E,Bus,A,C
s00498,Country/State/Zone/Region/Purpose,True,E,Oth,A,C
s00499,Country/State/Zone/Region/Purpose,True,E,Hol,B,A
s00500,Country/State/Zone/Region/Purpose,True,E,Vis,B,A
s00501,Country/State/Zone/Region/Purpose,True,E,Bus,B,A
s00502,Country/State/Zone/Region/Purpose,True,E,Oth,B,A
s00503,Country/State/Zone/Region/Purpose,True,E,Hol,C,A
s00504,Country/State/Zone/Region/Purpose,True,E,Vis,C,A
s00505,Country/State/Zone/Region/Purpose,True,E,Bus,C,A
s00506,Country/State/Zone/Region/Purpose,True,E,Oth,C,A
s00507,Country/State/Zone/Region/Purpose,True,F,Hol,A,A
s00508,Country/State/Zone/Region/Purpose,True,F,Vis,A,A
s00509,Country/State/Zone/Region/Purpose,True,F,Bus,A,A
s00510,Country/State/Zone/Region/Purpose,True,F,Oth,A,A
s00511,Country/State/Zone/Region/Purpose,True,F,Hol,B,A
s00512,Country/State/Zone/Region/Purpose,True,F,Vis,B,A
s00513,Country/State/Zone/Region/Purpose,True,F,Bus,B,A
s00514,Country/State/Zone/Region/Purpose,True,F,Oth,B,A
s00515,Country/State/Zone/Region/Purpose,True,F,Hol,B,B
s00516,Country/State/Zone/Region/Purpose,True,F,Vis,B,B
s00517,Country/State/Zone/Region/Purpose,True,F,Bus,B,B
s00518,Country/State/Zone/Region/Purpose,True,F,Oth,B,B
s00519,Country/State/Zone/Region/Purpose,True,F,Hol,C,A
s00520,Country/State/Zone/Region/Purpose,True,F,Vis,C,A
s00521,Country/State/Zone/Region/Purpose,True,F,Bus,C,A
s00522,Country/State/Zone/Region/Purpose,True,F,Oth,C,A
s00523,Country/State/Zone/Region/Purpose,True,F,Hol,C,B
s00524,Country/State/Zone/Region/Purpose,True,F,Vis,C,B
s00525,Country/State/Zone/Region/Purpose,True,F,Bus,C,B
s00526,Country/State/Zone/Region/Purpose,True,F,Oth,C,B
s00527,Country/State/Zone/Region/Purpose,True,G,Hol,A,A
s00528,Country/State/Zone/Region/Purpose,True,G,Vis,A,A
s00529,Country/State/Zone/Region/Purpose,True,G,Bus,A,A
s00530,Country/State/Zone/Region/Purpose,True,G,Oth,A,A
s00531,Country/State/Zone/Region/Purpose,True,G,Hol,A,B
s00532,Country/State/Zone/Region/Purpose,True,G,Vis,A,B
s00533,Country/State/Zone/Region/Purpose,True,G,Bus,A,B
s00534,Country/State/Zone/Region/Purpose,True,G,Oth,A,B
s00535,Country/State/Zone/Region/Purpose,True,G,Hol,A,C
s00536,Country/State/Zone/Region/Purpose,True,G,Vis,A,C
s00537,Country/State/Zone/Region/Purpose,True,G,Bus,A,C
s00538,Country/State/Zone/Region/Purpose,True,G,Oth,A,C
s00539,Country/State/Zone/Region/Purpose,True,G,Hol,B,A
s00540,Country/State/Zone/Region/Purpose,True,G,Vis,B,A
s00541,Country/State/Zone/Region/Purpose,True,G,Bus,B,A
s00542,Country/State/Zone/Region/Purpose,True,G,Oth,B,A
s00543,Country/State/Zone/Region/Purpose,True,G,Hol,B,B
s00544,Country/State/Zone/Region/Purpose,True,G,Vis,B,B
s00545,Country/State/Zone/Region/Purpose,True,G,Bus,B,B
s00546,Country/State/Zone/Region/Purpose,True,G,Oth,B,B
s00547,Country/State/Zone/Region/Purpose,True,G,Hol,B,C
s00548,Country/State/Zone/Region/Purpose,True,G,Vis,B,C
s00549,Country/State/Zone/Region/Purpose,True,G,Bus,B,C
s00550,Country/State/Zone/Region/Purpose,True,G,Oth,B,C
s00551,Country/State/Zone/Region/Purpose,True,G,Hol,B,D
s00552,Country/State/Zone/Region/Purpose,True,G,Vis,B,D
s00553,Country/State/Zone/Region/Purpose,True,G,Bus,B,D
s00554,Country/State/Zone/Region/Purpose,True,G,Oth,B,D
