series_id,level,is_bottom,country,access,agent,topic
s00000,Views,False,,,,
s00001,Views/Country,False,de,,,
s00002,Views/Country,False,en,,,
s00003,Views/Country,False,fr,,,
s00004,Views/Country,False,ja,,,
s00005,Views/Country,False,ru,,,
s00006,Views/Country,False,zh,,,
s00007,Views/Country/Access,False,de,AAC,,
s00008,Views/Country/Access,False,de,DES,,
s00009,Views/Country/Access,False,de,MOB,,
s00010,Views/Country/Access,False,en,AAC,,
s00011,Views/Country/Access,False,en,DES,,
s00012,Views/Country/Access,False,en,MOB,,
s00013,Views/Country/Access,False,fr,AAC,,
s00014,Views/Country/Access,False,fr,DES,,
s00015,Views/Country/Access,False,fr,MOB,,
s00016,Views/Country/Access,False,ja,AAC,,
s00017,Views/Country/Access,False,ja,DES,,
s00018,Views/Country/Access,False,ja,MOB,,
s00019,Views/Country/Access,False,ru,AAC,,
s00020,Views/Country/Access,False,ru,DES,,
s00021,Views/Country/Access,False,ru,MOB,,
s00022,Views/Country/Access,False,zh,AAC,,
s00023,Views/Country/Access,False,zh,DES,,
s00024,Views/Country/Access,False,zh,MOB,,
s00025,Views/Country/Access/Agent,False,de,AAC,AAG,
s00026,Views/Country/Access/Agent,False,de,AAC,SPD,
s00027,Views/Country/Access/Agent,False,de,DES,AAG,
s00028,Views/Country/Access/Agent,False,de,MOB,AAG,
s00029,Views/Country/Access/Agent,False,en,AAC,AAG,
s00030,Views/Country/Access/Agent,False,en,AAC,SPD,
s00031,Views/Country/Access/Agent,False,en,DES,AAG,
s00032,Views/Country/Access/Agent,False,en,MOB,AAG,
s00033,Views/Country/Access/Agent,False,fr,AAC,AAG,
s00034,Views/Country/Access/Agent,False,fr,AAC,SPD,
s00035,Views/Country/Access/Agent,False,fr,DES,AAG,
s00036,Views/Country/Access/Agent,False,fr,MOB,AAG,
s00037,Views/Country/Access/Agent,False,ja,AAC,AAG,
s00038,Views/Country/Access/Agent,False,ja,AAC,SPD,
s00039,Views/Country/Access/Agent,False,ja,DES,AAG,
s00040,Views/Country/Access/Agent,False,ja,MOB,AAG,
s00041,Views/Country/Access/Agent,False,ru,AAC,AAG,
s00042,Views/Country/Access/Agent,False,ru,AAC,SPD,
s00043,Views/Country/Access/Agent,False,ru,DES,AAG,
s00044,Views/Country/Access/Agent,False,ru,MOB,AAG,
s00045,Views/Country/Access/Agent,False,zh,AAC,AAG,
s00046,Views/Country/Access/Agent,False,zh,AAC,SPD,
s00047,Views/Country/Access/Agent,False,zh,DES,AAG,
s00048,Views/Country/Access/Agent,False,zh,MOB,AAG,
s00049,Views/Country/Access/Agent/Topic,True,de,AAC,AAG,001
s00050,Views/Country/Access/Agent/Topic,True,de,AAC,AAG,010
s00051,Views/Country/Access/Agent/Topic,True,de,AAC,AAG,014
s00052,Views/Country/Access/Agent/Topic,True,de,AAC,AAG,045
s00053,Views/Country/Access/Agent/Topic,True,de,AAC,AAG,063
s00054,Views/Country/Access/Agent/Topic,True,de,AAC,AAG,100
s00055,Views/Country/Access/Agent/Topic,True,de,AAC,AAG,110
s00056,Views/Country/Access/Agent/Topic,True,de,AAC,AAG,123
s00057,Views/Country/Access/Agent/Topic,True,de,AAC,AAG,143
s00058,Views/Country/Access/Agent/Topic,True,de,AAC,SPD,012
s00059,Views/Country/Access/Agent/Topic,True,de,AAC,SPD,074
s00060,Views/Country/Access/Agent/Topic,True,de,AAC,SPD,080
s00061,Views/Country/Access/Agent/Topic,True,de,AAC,SPD,105
s00062,Views/Country/Access/Agent/Topic,True,de,AAC,SPD,115
s00063,Views/Country/Access/Agent/Topic,True,de,AAC,SPD,133
s00064,Views/Country/Access/Agent/Topic,True,de,DES,AAG,064
s00065,Views/Country/Access/Agent/Topic,True,de,DES,AAG,116
s00066,Views/Country/Access/Agent/Topic,True,de,DES,AAG,131
s00067,Views/Country/Access/Agent/Topic,True,de,MOB,AAG,015
s00068,Views/Country/Access/Agent/Topic,True,de,MOB,AAG,020
s00069,Views/Country/Access/Agent/Topic,True,de,MOB,AAG,032
s00070,Views/Country/Access/Agent/Topic,True,de,MOB,AAG,059
s00071,Views/Country/Access/Agent/Topic,True,de,MOB,AAG,062
s00072,Views/Country/Access/Agent/Topic,True,de,MOB,AAG,088
s00073,Views/Country/Access/Agent/Topic,True,de,MOB,AAG,095
s00074,Views/Country/Access/Agent/Topic,True,de,MOB,AAG,109
s00075,Views/Country/Access/Agent/Topic,True,de,MOB,AAG,122
s00076,Views/Country/Access/Agent/Topic,True,de,MOB,AAG,149
s00077,Views/Country/Access/Agent/Topic,True,en,AAC,AAG,044
s00078,Views/Country/Access/Agent/Topic,True,en,AAC,AAG,049
s00079,Views/Country/Access/Agent/Topic,True,en,AAC,AAG,075
s00080,Views/Country/Access/Agent/Topic,True,en,AAC,AAG,114
s00081,Views/Country/Access/Agent/Topic,True,en,AAC,AAG,119
s00082,Views/Country/Access/Agent/Topic,True,en,AAC,AAG,141
s00083,Views/Country/Access/Agent/Topic,True,en,AAC,SPD,004
s00084,Views/Country/Access/Agent/Topic,True,en,AAC,SPD,011
s00085,Views/Country/Access/Agent/Topic,True,en,AAC,SPD,026
s00086,Views/Country/Access/Agent/Topic,True,en,AAC,SPD,048
s00087,Views/Country/Access/Agent/Topic,True,en,AAC,SPD,067
s00088,Views/Country/Access/Agent/Topic,True,en,AAC,SPD,126
s00089,Views/Country/Access/Agent/Topic,True,en,AAC,SPD,140
s00090,Views/Country/Access/Agent/Topic,True,en,DES,AAG,016
s00091,Views/Country/Access/Agent/Topic,True,en,DES,AAG,024
s00092,Views/Country/Access/Agent/Topic,True,en,DES,AAG,042
s00093,Views/Country/Access/Agent/Topic,True,en,DES,AAG,069
s00094,Views/Country/Access/Agent/Topic,True,en,DES,AAG,082
s00095,Views/Country/Access/Agent/Topic,True,en,DES,AAG,102
s00096,Views/Country/Access/Agent/Topic,True,en,MOB,AAG,018
s00097,Views/Country/Access/Agent/Topic,True,en,MOB,AAG,022
s00098,Views/Country/Access/Agent/Topic,True,en,MOB,AAG,101
s00099,Views/Country/Access/Agent/Topic,True,en,MOB,AAG,124
s00100,Views/Country/Access/Agent/Topic,True,fr,AAC,AAG,029
s00101,Views/Country/Access/Agent/Topic,True,fr,AAC,AAG,046
s00102,Views/Country/Access/Agent/Topic,True,fr,AAC,AAG,070
s00103,Views/Country/Access/Agent/Topic,True,fr,AAC,AAG,087
s00104,Views/Country/Access/Agent/Topic,True,fr,AAC,AAG,098
s00105,Views/Country/Access/Agent/Topic,True,fr,AAC,AAG,104
s00106,Views/Country/Access/Agent/Topic,True,fr,AAC,AAG,111
s00107,Views/Country/Access/Agent/Topic,True,fr,AAC,AAG,112
s00108,Views/Country/Access/Agent/Topic,True,fr,AAC,AAG,142
s00109,Views/Country/Access/Agent/Topic,True,fr,AAC,SPD,025
s00110,Views/Country/Access/Agent/Topic,True,fr,AAC,SPD,027
s00111,Views/Country/Access/Agent/Topic,True,fr,AAC,SPD,035
s00112,Views/Country/Access/Agent/Topic,True,fr,AAC,SPD,077
s00113,Views/Country/Access/Agent/Topic,True,fr,AAC,SPD,084
s00114,Views/Country/Access/Agent/Topic,True,fr,AAC,SPD,097
s00115,Views/Country/Access/Agent/Topic,True,fr,AAC,SPD,130
s00116,Views/Country/Access/Agent/Topic,True,fr,DES,AAG,023
s00117,Views/Country/Access/Agent/Topic,True,fr,DES,AAG,043
s00118,Views/Country/Access/Agent/Topic,True,fr,DES,AAG,051
s00119,Views/Country/Access/Agent/Topic,True,fr,DES,AAG,058
s00120,Views/Country/Access/Agent/Topic,True,fr,DES,AAG,061
s00121,Views/Country/Access/Agent/Topic,True,fr,DES,AAG,091
s00122,Views/Country/Access/Agent/Topic,True,fr,DES,AAG,093
s00123,Views/Country/Access/Agent/Topic,True,fr,DES,AAG,094
s00124,Views/Country/Access/Agent/Topic,True,fr,DES,AAG,136
s00125,Views/Country/Access/Agent/Topic,True,fr,MOB,AAG,006
s00126,Views/Country/Access/Agent/Topic,True,fr,MOB,AAG,030
s00127,Views/Country/Access/Agent/Topic,True,fr,MOB,AAG,066
s00128,Views/Country/Access/Agent/Topic,True,fr,MOB,AAG,117
s00129,Views/Country/Access/Agent/Topic,True,fr,MOB,AAG,120
s00130,Views/Country/Access/Agent/Topic,True,fr,MOB,AAG,121
s00131,Views/Country/Access/Agent/Topic,True,fr,MOB,AAG,135
s00132,Views/Country/Access/Agent/Topic,True,fr,MOB,AAG,147
s00133,Views/Country/Access/Agent/Topic,True,ja,AAC,AAG,038
s00134,Views/Country/Access/Agent/Topic,True,ja,AAC,AAG,047
s00135,Views/Country/Access/Agent/Topic,True,ja,AAC,AAG,055
s00136,Views/Country/Access/Agent/Topic,True,ja,AAC,AAG,076
s00137,Views/Country/Access/Agent/Topic,True,ja,AAC,AAG,099
s00138,Views/Country/Access/Agent/Topic,True,ja,AAC,AAG,128
s00139,Views/Country/Access/Agent/Topic,True,ja,AAC,AAG,132
s00140,Views/Country/Access/Agent/Topic,True,ja,AAC,AAG,134
s00141,Views/Country/Access/Agent/Topic,True,ja,AAC,AAG,137
s00142,Views/Country/Access/Agent/Topic,True,ja,AAC,SPD,013
s00143,Views/Country/Access/Agent/Topic,True,ja,AAC,SPD,034
s00144,Views/Country/Access/Agent/Topic,True,ja,AAC,SPD,050
s00145,Views/Country/Access/Agent/Topic,True,ja,AAC,SPD,060
s00146,Views/Country/Access/Agent/Topic,True,ja,AAC,SPD,078
s00147,Views/Country/Access/Agent/Topic,True,ja,AAC,SPD,106
s00148,Views/Country/Access/Agent/Topic,True,ja,DES,AAG,079
s00149,Views/Country/Access/Agent/Topic,True,ja,DES,AAG,081
s00150,Views/Country/Access/Agent/Topic,True,ja,DES,AAG,113
s00151,Views/Country/Access/Agent/Topic,True,ja,MOB,AAG,065
s00152,Views/Country/Access/Agent/Topic,True,ja,MOB,AAG,073
s00153,Views/Country/Access/Agent/Topic,True,ja,MOB,AAG,092
s00154,Views/Country/Access/Agent/Topic,True,ja,MOB,AAG,127
s00155,Views/Country/Access/Agent/Topic,True,ja,MOB,AAG,129
s00156,Views/Country/Access/Agent/Topic,True,ja,MOB,AAG,144
s00157,Views/Country/Access/Agent/Topic,True,ru,AAC,AAG,008
s00158,Views/Country/Access/Agent/Topic,True,ru,AAC,AAG,145
s00159,Views/Country/Access/Agent/Topic,True,ru,AAC,AAG,146
s00160,Views/Country/Access/Agent/Topic,True,ru,AAC,SPD,000
s00161,Views/Country/Access/Agent/Topic,True,ru,AAC,SPD,090
s00162,Views/Country/Access/Agent/Topic,True,ru,AAC,SPD,148
s00163,Views/Country/Access/Agent/Topic,True,ru,DES,AAG,003
s00164,Views/Country/Access/Agent/Topic,True,ru,DES,AAG,007
s00165,Views/Country/Access/Agent/Topic,True,ru,DES,AAG,017
s00166,Views/Country/Access/Agent/Topic,True,ru,DES,AAG,041
s00167,Views/Country/Access/Agent/Topic,True,ru,DES,AAG,071
s00168,Views/Country/Access/Agent/Topic,True,ru,DES,AAG,072
s00169,Views/Country/Access/Agent/Topic,True,ru,MOB,AAG,002
s00170,Views/Country/Access/Agent/Topic,True,ru,MOB,AAG,040
s00171,Views/Country/Access/Agent/Topic,True,ru,MOB,AAG,083
s00172,Views/Country/Access/Agent/Topic,True,ru,MOB,AAG,086
s00173,Views/Country/Access/Agent/Topic,True,ru,MOB,AAG,103
s00174,Views/Country/Access/Agent/Topic,True,ru,MOB,AAG,107
s00175,Views/Country/Access/Agent/Topic,True,ru,MOB,AAG,118
s00176,Views/Country/Access/Agent/Topic,True,ru,MOB,AAG,125
s00177,Views/Country/Access/Agent/Topic,True,zh,AAC,AAG,021
s00178,Views/Country/Access/Agent/Topic,True,zh,AAC,AAG,033
s00179,Views/Country/Access/Agent/Topic,True,zh,AAC,AAG,037
s00180,Views/Country/Access/Agent/Topic,True,zh,AAC,AAG,052
s00181,Views/Country/Access/Agent/Topic,True,zh,AAC,AAG,057
s00182,Views/Country/Access/Agent/Topic,True,zh,AAC,AAG,085
s00183,Views/Country/Access/Agent/Topic,True,zh,AAC,AAG,108
s00184,Views/Country/Access/Agent/Topic,True,zh,AAC,SPD,039
s00185,Views/Country/Access/Agent/Topic,True,zh,AAC,SPD,096
s00186,Views/Country/Access/Agent/Topic,True,zh,DES,AAG,009
s00187,Views/Country/Access/Agent/Topic,True,zh,DES,AAG,019
s00188,Views/Country/Access/Agent/Topic,True,zh,DES,AAG,053
s00189,Views/Country/Access/Agent/Topic,True,zh,DES,AAG,054
s00190,Views/Country/Access/Agent/Topic,True,zh,DES,AAG,056
s00191,Views/Country/Access/Agent/Topic,True,zh,DES,AAG,068
s00192,Views/Country/Access/Agent/Topic,True,zh,DES,AAG,089
s00193,Views/Country/Access/Agent/Topic,True,zh,DES,AAG,139
s00194,Views/Country/Access/Agent/Topic,True,zh,MOB,AAG,005
s00195,Views/Country/Access/Agent/Topic,True,zh,MOB,AAG,028
s00196,Views/Country/Access/Agent/Topic,True,zh,MOB,AAG,031
s00197,Views/Country/Access/Agent/Topic,True,zh,MOB,AAG,036
s00198,Views/Country/Access/Agent/Topic,True,zh,MOB,AAG,138
