series_id,level,is_bottom,level2,level3,level4
s00000,Level1,False,,,
s00001,Level2,False,y1,,
s00002,Level2,False,y2,,
s00003,Level3,False,y1,y11,
s00004,Level3,False,y1,y12,
s00005,Level3,False,y2,y21,
s00006,Level3,False,y2,y22,
s00007,Level4,True,y1,y11,Bottom1
s00008,Level4,True,y1,y11,Bottom2
s00009,Level4,True,y1,y11,Bottom3
s00010,Level4,True,y1,y11,Bottom4
s00011,Level4,True,y1,y11,Bottom5
s00012,Level4,True,y1,y11,Bottom6
s00013,Level4,True,y1,y11,Bottom7
s00014,Level4,True,y1,y11,Bottom8
s00015,Level4,True,y1,y11,Bottom9
s00016,Level4,True,y1,y11,Bottom10
s00017,Level4,True,y1,y11,Bottom11
s00018,Level4,True,y1,y11,Bottom12
s00019,Level4,True,y1,y11,Bottom13
s00020,Level4,True,y1,y11,Bottom14
s00021,Level4,True,y1,y11,Bottom15
s00022,Level4,True,y1,y11,Bottom16
s00023,Level4,True,y1,y11,Bottom17
s00024,Level4,True,y1,y11,Bottom18
s00025,Level4,True,y1,y11,Bottom19
s00026,Level4,True,y1,y11,Bottom20
s00027,Level4,True,y1,y11,Bottom21
s00028,Level4,True,y1,y11,Bottom22
s00029,Level4,True,y1,y11,Bottom23
s00030,Level4,True,y1,y11,Bottom24
s00031,Level4,True,y1,y11,Bottom25
s00032,Level4,True,y1,y11,Bottom26
s00033,Level4,True,y1,y11,Bottom27
s00034,Level4,True,y1,y11,Bottom28
s00035,Level4,True,y1,y11,Bottom29
s00036,Level4,True,y1,y11,Bottom30
s00037,Level4,True,y1,y11,Bottom31
s00038,Level4,True,y1,y11,Bottom32
s00039,Level4,True,y1,y11,Bottom33
s00040,Level4,True,y1,y11,Bottom34
s00041,Level4,True,y1,y11,Bottom35
s00042,Level4,True,y1,y11,Bottom36
s00043,Level4,True,y1,y11,Bottom37
s00044,Level4,True,y1,y11,Bottom38
s00045,Level4,True,y1,y11,Bottom39
s00046,Level4,True,y1,y11,Bottom40
s00047,Level4,True,y1,y11,Bottom41
s00048,Level4,True,y1,y11,Bottom42
s00049,Level4,True,y1,y11,Bottom43
s00050,Level4,True,y1,y11,Bottom44
s00051,Level4,True,y1,y11,Bottom45
s00052,Level4,True,y1,y11,Bottom46
s00053,Level4,True,y1,y11,Bottom47
s00054,Level4,True,y1,y11,Bottom48
s00055,Level4,True,y1,y11,Bottom49
s00056,Level4,True,y1,y11,Bottom50
s00057,Level4,True,y1,y12,Bottom51
s00058,Level4,True,y1,y12,Bottom52
s00059,Level4,True,y1,y12,Bottom53
s00060,Level4,True,y1,y12,Bottom54
s00061,Level4,True,y1,y12,Bottom55
s00062,Level4,True,y1,y12,Bottom56
s00063,Level4,True,y1,y12,Bottom57
s00064,Level4,True,y1,y12,Bottom58
s00065,Level4,True,y1,y12,Bottom59
s00066,Level4,True,y1,y12,Bottom60
s00067,Level4,True,y1,y12,Bottom61
s00068,Level4,True,y1,y12,Bottom62
s00069,Level4,True,y1,y12,Bottom63
s00070,Level4,True,y1,y12,Bottom64
s00071,Level4,True,y1,y12,Bottom65
s00072,Level4,True,y1,y12,Bottom66
s00073,Level4,True,y1,y12,Bottom67
s00074,Level4,True,y1,y12,Bottom68
s00075,Level4,True,y1,y12,Bottom69
s00076,Level4,True,y1,y12,Bottom70
s00077,Level4,True,y1,y12,Bottom71
s00078,Level4,True,y1,y12,Bottom72
s00079,Level4,True,y1,y12,Bottom73
s00080,Level4,True,y1,y12,Bottom74
s00081,Level4,True,y1,y12,Bottom75
s00082,Level4,True,y1,y12,Bottom76
s00083,Level4,True,y1,y12,Bottom77
s00084,Level4,True,y1,y12,Bottom78
s00085,Level4,True,y1,y12,Bottom79
s00086,Level4,True,y1,y12,Bottom80
s00087,Level4,True,y1,y12,Bottom81
s00088,Level4,True,y1,y12,Bottom82
s00089,Level4,True,y1,y12,Bottom83
s00090,Level4,True,y1,y12,Bottom84
s00091,Level4,True,y1,y12,Bottom85
s00092,Level4,True,y1,y12,Bottom86
s00093,Level4,True,y1,y12,Bottom87
s00094,Level4,True,y1,y12,Bottom88
s00095,Level4,True,y1,y12,Bottom89
s00096,Level4,True,y1,y12,Bottom90
s00097,Level4,True,y1,y12,Bottom91
s00098,Level4,True,y1,y12,Bottom92
s00099,Level4,True,y1,y12,Bottom93
s00100,Level4,True,y1,y12,Bottom94
s00101,Level4,True,y1,y12,Bottom95
s00102,Level4,True,y1,y12,Bottom96
s00103,Level4,True,y1,y12,Bottom97
s00104,Level4,True,y1,y12,Bottom98
s00105,Level4,True,y1,y12,Bottom99
s00106,Level4,True,y1,y12,Bottom100
s00107,Level4,True,y2,y21,Bottom101
s00108,Level4,True,y2,y21,Bottom102
s00109,Level4,True,y2,y21,Bottom103
s00110,Level4,True,y2,y21,Bottom104
s00111,Level4,True,y2,y21,Bottom105
s00112,Level4,True,y2,y21,Bottom106
s00113,Level4,True,y2,y21,Bottom107
s00114,Level4,True,y2,y21,Bottom108
s00115,Level4,True,y2,y21,Bottom109
s00116,Level4,True,y2,y21,Bottom110
s00117,Level4,True,y2,y21,Bottom111
s00118,Level4,True,y2,y21,Bottom112
s00119,Level4,True,y2,y21,Bottom113
s00120,Level4,True,y2,y21,Bottom114
s00121,Level4,True,y2,y21,Bottom115
s00122,Level4,True,y2,y21,Bottom116
s00123,Level4,True,y2,y21,Bottom117
s00124,Level4,True,y2,y21,Bottom118
s00125,Level4,True,y2,y21,Bottom119
s00126,Level4,True,y2,y21,Bottom120
s00127,Level4,True,y2,y21,Bottom121
s00128,Level4,True,y2,y21,Bottom122
s00129,Level4,True,y2,y21,Bottom123
s00130,Level4,True,y2,y21,Bottom124
s00131,Level4,True,y2,y21,Bottom125
s00132,Level4,True,y2,y21,Bottom126
s00133,Level4,True,y2,y21,Bottom127
s00134,Level4,True,y2,y21,Bottom128
s00135,Level4,True,y2,y21,Bottom129
s00136,Level4,True,y2,y21,Bottom130
s00137,Level4,True,y2,y21,Bottom131
s00138,Level4,True,y2,y21,Bottom132
s00139,Level4,True,y2,y21,Bottom133
s00140,Level4,True,y2,y21,Bottom134
s00141,Level4,True,y2,y21,Bottom135
s00142,Level4,True,y2,y21,Bottom136
s00143,Level4,True,y2,y21,Bottom137
s00144,Level4,True,y2,y21,Bottom138
s00145,Level4,True,y2,y21,Bottom139
s00146,Level4,True,y2,y21,Bottom140
s00147,Level4,True,y2,y21,Bottom141
s00148,Level4,True,y2,y21,Bottom142
s00149,Level4,True,y2,y21,Bottom143
s00150,Level4,True,y2,y21,Bottom144
s00151,Level4,True,y2,y21,Bottom145
s00152,Level4,True,y2,y21,Bottom146
s00153,Level4,True,y2,y21,Bottom147
s00154,Level4,True,y2,y21,Bottom148
s00155,Level4,True,y2,y21,Bottom149
s00156,Level4,True,y2,y21,Bottom150
s00157,Level4,True,y2,y22,Bottom151
s00158,Level4,True,y2,y22,Bottom152
s00159,Level4,True,y2,y22,Bottom153
s00160,Level4,True,y2,y22,Bottom154
s00161,Level4,True,y2,y22,Bottom155
s00162,Level4,True,y2,y22,Bottom156
s00163,Level4,True,y2,y22,Bottom157
s00164,Level4,True,y2,y22,Bottom158
s00165,Level4,True,y2,y22,Bottom159
s00166,Level4,True,y2,y22,Bottom160
s00167,Level4,True,y2,y22,Bottom161
s00168,Level4,True,y2,y22,Bottom162
s00169,Level4,True,y2,y22,Bottom163
s00170,Level4,True,y2,y22,Bottom164
s00171,Level4,True,y2,y22,Bottom165
s00172,Level4,True,y2,y22,Bottom166
s00173,Level4,True,y2,y22,Bottom167
s00174,Level4,True,y2,y22,Bottom168
s00175,Level4,True,y2,y22,Bottom169
s00176,Level4,True,y2,y22,Bottom170
s00177,Level4,True,y2,y22,Bottom171
s00178,Level4,True,y2,y22,Bottom172
s00179,Level4,True,y2,y22,Bottom173
s00180,Level4,True,y2,y22,Bottom174
s00181,Level4,True,y2,y22,Bottom175
s00182,Level4,True,y2,y22,Bottom176
s00183,Level4,True,y2,y22,Bottom177
s00184,Level4,True,y2,y22,Bottom178
s00185,Level4,True,y2,y22,Bottom179
s00186,Level4,True,y2,y22,Bottom180
s00187,Level4,True,y2,y22,Bottom181
s00188,Level4,True,y2,y22,Bottom182
s00189,Level4,True,y2,y22,Bottom183
s00190,Level4,True,y2,y22,Bottom184
s00191,Level4,True,y2,y22,Bottom185
s00192,Level4,True,y2,y22,Bottom186
s00193,Level4,True,y2,y22,Bottom187
s00194,Level4,True,y2,y22,Bottom188
s00195,Level4,True,y2,y22,Bottom189
s00196,Level4,True,y2,y22,Bottom190
s00197,Level4,True,y2,y22,Bottom191
s00198,Level4,True,y2,y22,Bottom192
s00199,Level4,True,y2,y22,Bottom193
s00200,Level4,True,y2,y22,Bottom194
s00201,Level4,True,y2,y22,Bottom195
s00202,Level4,True,y2,y22,Bottom196
s00203,Level4,True,y2,y22,Bottom197
s00204,Level4,True,y2,y22,Bottom198
s00205,Level4,True,y2,y22,Bottom199
s00206,Level4,True,y2,y22,Bottom200
